{"cameraMode":{"drawMode":0,"name":"Shaded","section":"Shading Mode"},"sceneLighting":true,"audioPlay":false,"sceneViewState":{"m_AlwaysRefresh":false,"showFog":true,"showSkybox":true,"showFlares":true,"showImageEffects":true,"showParticleSystems":true,"showVisualEffectGraphs":true,"m_FxEnabled":true},"in2DMode":false,"pivot":{"x":0.4902772903442383,"y":4.101546287536621,"z":22.267345428466798},"rotation":{"x":-0.03688529506325722,"y":0.24111703038215638,"z":-0.009164806455373764,"w":-0.9697540402412415},"size":13.144612312316895,"orthographic":false}